/* -------------------------------------
   통합된 데이터 (하나의 테이블에 하나의 INSERT)
   ------------------------------------- */

/* USERS */
INSERT INTO users (user_id, email, name, role, streak, solved_today)
VALUES
    (1, 'wnslii@dailyq.dev', '박준희', 'ADMIN', 0, 0),
    (2, 'kimjhyun@example.com', '김진현', 'PAID', 10, 1),
    (3, 'reallllvibe@example.com', '진동현', 'FREE', 1, 0),
    (4, 'changmok@example.com', '이창목', 'PAID', 7, 1),
    (5, 'yoonjabiin@example.com', '윤자빈', 'ADMIN', 0, 0),
    (6, 'sohyeon@example.com', '박소현', 'PAID', 10, 1),
    (7, 'donhyun@example.com', '김도현', 'PAID', 10, 1);
-- 

/* OCCUPATIONS */
INSERT INTO occupations (occupation_id, occupation_name)
VALUES
    (1, '개발'),
    (2, '데이터'),
    (3, '디자인'),
    (4, '마케팅'),
    (5, '운영');

-- 

/* JOBS */
INSERT INTO jobs (job_id, job_name, occupation_id)
VALUES
    (1, '백엔드 개발자', 1),
    (2, '프론트엔드 개발자', 1),
    (3, '데이터 사이언티스트', 2),
    (4, '프로덕트 디자이너', 3),
    (5, '그로스 마케터', 4),
    (6, '서비스 운영자', 5);

-- 

/* USER PREFERENCES */
INSERT INTO user_preferences (user_id, daily_question_limit, question_mode,
                              time_limit_seconds, notify_time, allow_push, user_job)
VALUES
    (1, 1, 'TECH', 180, '09:00:00', 1, 1),
    (2, 10, 'FLOW', 120, '08:30:00', 1, 2),
    (3, 1, 'TECH', 180, NULL, 1, 3),
    (4, 1, 'FLOW', 90, '20:00:00', 0, 4),
    (5, 10, 'TECH', 180, '07:30:00', 0, 6);

-- 

/* QUESTIONS (정렬 및 일부 라벨 변경) */
INSERT INTO questions (question_id, question_type, question_text, enabled)
VALUES
    -- INTRO (자기소개 및 경험)
    (3, 'INTRO', '자기소개를 해주세요.', 1),
    (9, 'INTRO', '본인의 강점과 약점을 각각 하나씩 말씀해 주세요.', 1),
    (13, 'INTRO', '최근에 진행한 프로젝트에 대해 소개해 주세요.', 1),
    (19, 'INTRO', '가장 기억에 남는 문제 해결 경험을 말씀해 주세요.', 1),
    (24, 'INTRO', '본인만의 학습 방법이나 성장 전략이 있다면 말씀해 주세요.', 1),
    (29, 'INTRO', '본인이 생각하는 좋은 코드의 조건은 무엇인가요?', 1),
    (34, 'INTRO', '코드 리뷰에 대한 본인의 생각과 경험을 말씀해 주세요.', 1),
    (39, 'INTRO', '동료들과 의견 충돌이 있을 때 어떻게 해결하시나요?', 1),
    (44, 'INTRO', '업무에서 스트레스를 받을 때 어떻게 관리하시나요?', 1),
    (49, 'INTRO', '본인이 리더 역할을 맡았던 경험이 있다면 말씀해 주세요.', 1),
    (56, 'INTRO', '협업에서 가장 기억에 남는 긍정적 경험을 소개해 주세요.', 1),
    (60, 'INTRO', '업무 외 활동이 일에 어떤 도움이 되었는지 말씀해 주세요.', 1),
    (65, 'INTRO', '최근에 읽은 책이나 콘텐츠 중 인상 깊었던 점은?', 1),
    (69, 'INTRO', '가장 도전적이었던 프로젝트와 해결 과정을 설명해 주세요.', 1),
    (75, 'INTRO', '본인이 가장 즐기는 업무 유형과 이유는 무엇인가요?', 1),
    (79, 'INTRO', '업무에서 가장 중요하게 생각하는 가치 한 가지는?', 1),
    (85, 'INTRO', '협업 도구나 프로세스 중 선호하는 것이 있다면?', 1),
    (89, 'INTRO', '최근에 도입한 업무 자동화 사례가 있다면?', 1),
    (95, 'INTRO', '가장 최근에 배운 것 한 가지를 설명해 주세요.', 1),
    (99, 'INTRO', '팀 문화에 기여하기 위해 어떤 행동을 하나요?', 1),
    -- MOTIVATION (동기 및 비전)
    (4, 'MOTIVATION', '이 직무에 지원한 동기를 말씀해 주세요.', 1),
    (10, 'MOTIVATION', '5년 후 어떤 개발자가 되고 싶은지 말씀해 주세요.', 1),
    (14, 'MOTIVATION', '팀워크가 중요한 상황에서의 경험을 말씀해 주세요.', 1),
    (20, 'MOTIVATION', '개발자로서 가장 중요하게 생각하는 가치는 무엇인가요?', 1),
    (25, 'MOTIVATION', '실패했던 프로젝트에서 배운 점이 있다면 말씀해 주세요.', 1),
    (30, 'MOTIVATION', '새로운 기술을 학습할 때 어떤 방식으로 접근하시나요?', 1),
    (35, 'MOTIVATION', '개발 외에 관심 있는 분야나 취미가 있다면 말씀해 주세요.', 1),
    (40, 'MOTIVATION', '현재 회사를 떠나려는 이유가 무엇인가요?', 1),
    (45, 'MOTIVATION', '10년 후 본인의 모습을 어떻게 그리고 계시나요?', 1),
    (50, 'MOTIVATION', '이 회사에서 이루고 싶은 목표나 기여하고 싶은 부분이 있나요?', 1),
    (57, 'MOTIVATION', '최근 가장 동기부여가 되었던 순간은 언제였나요?', 1),
    (66, 'MOTIVATION', '장기적인 커리어 목표와 이를 위한 계획을 말해 주세요.', 1),
    (70, 'MOTIVATION', '팀에 어떤 영향을 미치는 동료가 되고 싶나요?', 1),
    (76, 'MOTIVATION', '신규 기술을 도입할 때 고려하는 평가 기준은?', 1),
    (80, 'MOTIVATION', '주도한 변화나 개선 사례를 하나 설명하세요.', 1),
    (86, 'MOTIVATION', '가장 성장했던 시기와 그 배경을 설명하세요.', 1),
    (90, 'MOTIVATION', '리더십을 발휘했던 구체적인 사례를 말해 주세요.', 1),
    (96, 'MOTIVATION', '일에서 즐거움을 느끼는 순간은 언제인가요?', 1),
    (100, 'MOTIVATION', '장기 프로젝트를 끝까지 추진한 경험을 설명하세요.', 1),
    -- TECH (기술 지식 및 역량)
    (1, 'TECH', 'HTTP와 HTTPS의 차이와 TLS 핸드셰이크 과정을 설명하세요.', 1),
    (2, 'TECH', '데이터베이스 인덱스의 동작 원리와 주의할 점을 설명하세요.', 1),
    (5, 'TECH', '프로세스와 스레드의 차이, 컨텍스트 스위칭 비용에 대해 설명하세요.', 1),
    (6, 'TECH', 'RESTful API 설계 원칙과 HTTP 상태코드 사용법을 설명하세요.', 1),
    (7, 'TECH', 'SQL의 JOIN 종류와 각각의 차이점을 예시와 함께 설명하세요.', 1),
    (8, 'TECH', 'Git의 merge와 rebase의 차이점과 언제 사용하는지 설명하세요.', 1),
    (11, 'TECH', 'Docker와 가상머신의 차이점과 컨테이너화의 장점을 설명하세요.', 1),
    (12, 'TECH', 'MVC 패턴의 구조와 장단점을 설명하세요.', 1),
    (15, 'TECH', 'NoSQL과 RDBMS의 차이점과 각각의 사용 사례를 설명하세요.', 1),
    (16, 'TECH', 'Spring Framework의 IoC와 DI 개념을 설명하세요.', 1),
    (17, 'TECH', 'JavaScript의 호이스팅과 클로저에 대해 설명하세요.', 1),
    (18, 'TECH', 'TCP와 UDP의 차이점과 각각의 사용 사례를 설명하세요.', 1),
    (21, 'TECH', 'Redis와 같은 인메모리 캐시의 활용 사례와 장단점을 설명하세요.', 1),
    (22, 'TECH', 'CSS Flexbox와 Grid의 차이점과 사용 시나리오를 설명하세요.', 1),
    (23, 'TECH', '객체지향 프로그래밍의 4대 원칙을 설명하고 예시를 들어주세요.', 1),
    (26, 'TECH', 'JVM의 가비지 컬렉션 동작 원리를 설명하세요.', 1),
    (27, 'TECH', 'React의 Virtual DOM과 리렌더링 최적화 방법을 설명하세요.', 1),
    (28, 'TECH', 'SQL Injection 공격과 예방 방법을 설명하세요.', 1),
    (31, 'TECH', 'Microservices Architecture의 장단점과 고려사항을 설명하세요.', 1),
    (32, 'TECH', 'Python의 GIL(Global Interpreter Lock)에 대해 설명하세요.', 1),
    (33, 'TECH', 'CI/CD 파이프라인의 구성 요소와 장점을 설명하세요.', 1),
    (36, 'TECH', 'OAuth 2.0의 동작 원리와 보안 고려사항을 설명하세요.', 1),
    (37, 'TECH', 'GraphQL과 REST API의 차이점과 각각의 장단점을 설명하세요.', 1),
    (38, 'TECH', '데이터베이스 트랜잭션의 ACID 속성을 설명하세요.', 1),
    (41, 'TECH', 'Kubernetes의 주요 개념과 컨테이너 오케스트레이션에 대해 설명하세요.', 1),
    (42, 'TECH', '함수형 프로그래밍의 특징과 장점을 설명하세요.', 1),
    (43, 'TECH', 'Load Balancing의 종류와 각각의 특징을 설명하세요.', 1),
    (46, 'TECH', 'Event-Driven Architecture의 개념과 장단점을 설명하세요.', 1),
    (47, 'TECH', 'TypeScript를 사용하는 이유와 JavaScript와의 차이점을 설명하세요.', 1),
    (48, 'TECH', 'Database Sharding과 Replication의 차이점과 사용 사례를 설명하세요.', 1),
    (58, 'TECH', 'CQRS 패턴의 개념과 장단점을 설명하세요.', 1),
    (59, 'TECH', '메시지 큐(Kafka 등)를 사용하는 이유와 주의사항을 설명하세요.', 1),
    (67, 'TECH', 'CAP 정리와 PACELC 정리를 비교해 설명하세요.', 1),
    (68, 'TECH', '서킷 브레이커 패턴과 리트라이 정책을 설명하세요.', 1),
    (77, 'TECH', '이벤트 소싱(Event Sourcing)의 개념과 장단점은?', 1),
    (78, 'TECH', '분산 트랜잭션을 다루는 방법과 사가 패턴을 설명하세요.', 1),
    (87, 'TECH', '멀티테넌시 아키텍처 설계 시 고려사항을 설명하세요.', 1),
    (88, 'TECH', 'OAuth 2.0과 OpenID Connect의 차이를 설명하세요.', 1),
    (97, 'TECH', '대규모 트래픽에서 캐시 전략(L1/L2)을 설명하세요.', 1),
    (98, 'TECH', '관찰 가능성(Observability) 3요소와 설계 원칙을 설명하세요.', 1),
    -- PERSONALITY (인성 및 태도)
    (51, 'PERSONALITY', '동료가 실수를 반복할 때 어떻게 피드백하나요?', 1),
    (52, 'PERSONALITY', '압박이 심한 마감 상황에서 스트레스를 어떻게 관리하나요?', 1),
    (53, 'PERSONALITY', '갈등 상황에서 본인이 먼저 양보한 경험이 있나요?', 1),
    (54, 'PERSONALITY', '새로운 환경에 적응할 때의 본인만의 방식은 무엇인가요?', 1),
    (55, 'PERSONALITY', '피드백을 받았을 때 어떻게 반응하고 개선하나요?', 1),
    (61, 'PERSONALITY', '실수를 했을 때의 대처 방식과 후속 조치를 설명해 주세요.', 1),
    (62, 'PERSONALITY', '동기부여가 떨어질 때 본인을 다시 일으키는 방법은?', 1),
    (63, 'PERSONALITY', '팀원의 성향이 본인과 다를 때 어떻게 맞춰가나요?', 1),
    (64, 'PERSONALITY', '리더와 의견이 다를 때 어떻게 소통하나요?', 1),
    (71, 'PERSONALITY', '자기 주도적으로 일했던 경험과 동기 요인을 설명하세요.', 1),
    (72, 'PERSONALITY', '성과가 기대에 못 미쳤을 때 어떻게 회복하나요?', 1),
    (73, 'PERSONALITY', '피드백을 전달할 때 고려하는 원칙은 무엇인가요?', 1),
    (74, 'PERSONALITY', '우선순위가 충돌할 때의 의사결정 과정을 설명하세요.', 1),
    (81, 'PERSONALITY', '피곤하거나 집중이 어려울 때 생산성을 높이는 방법은?', 1),
    (82, 'PERSONALITY', '동료에게 신뢰를 쌓기 위해 무엇을 실천하나요?', 1),
    (83, 'PERSONALITY', '일과 삶의 균형을 유지하는 본인만의 기준은?', 1),
    (84, 'PERSONALITY', '실패를 받아들이고 학습으로 전환한 경험은?', 1),
    (91, 'PERSONALITY', '의견이 갈릴 때 합의점을 찾는 본인만의 방법은?', 1),
    (92, 'PERSONALITY', '피로 누적 시 본인을 관리하는 루틴을 설명하세요.', 1),
    (93, 'PERSONALITY', '동료의 강점을 찾아 활용한 경험을 말해 주세요.', 1),
    (94, 'PERSONALITY', '욕설이나 비난 없이 단호하게 의견을 내는 방법은?', 1);

-- 

/* QUESTION_JOBS */
INSERT INTO question_jobs (question_id, job_id)
VALUES
    (1, 1),
    (1, 2),
    (2, 3),
    (3, 1),
    (3, 2),
    (3, 3),
    (3, 4),
    (3, 5),
    (3, 6),
    (4, 1),
    (4, 2),
    (4, 3),
    (4, 4),
    (4, 5),
    (4, 6),
    (5, 1),
    (5, 2),
    (6, 1),
    (6, 2),
    (7, 1),
    (7, 3),
    (8, 1),
    (8, 2),
    (9, 1),
    (9, 2),
    (9, 3),
    (9, 4),
    (9, 5),
    (9, 6),
    (10, 1),
    (10, 2),
    (10, 3),
    (10, 4),
    (10, 5),
    (10, 6),
    (11, 1),
    (11, 6),
    (12, 1),
    (12, 2),
    (13, 1),
    (13, 2),
    (13, 3),
    (13, 4),
    (13, 5),
    (13, 6),
    (14, 1),
    (14, 2),
    (14, 3),
    (14, 4),
    (14, 5),
    (14, 6),
    (15, 1),
    (15, 3),
    (16, 1),
    (17, 2),
    (18, 1),
    (18, 2),
    (19, 1),
    (19, 2),
    (19, 3),
    (19, 4),
    (19, 5),
    (19, 6),
    (20, 1),
    (20, 2),
    (20, 3),
    (20, 4),
    (20, 5),
    (20, 6),
    (21, 1),
    (21, 3),
    (22, 2),
    (22, 3),
    (23, 1),
    (23, 2),
    (24, 1),
    (24, 2),
    (24, 3),
    (24, 4),
    (24, 5),
    (24, 6),
    (25, 1),
    (25, 2),
    (25, 3),
    (25, 4),
    (25, 5),
    (25, 6),
    (26, 1),
    (27, 2),
    (28, 1),
    (28, 3),
    (29, 1),
    (29, 2),
    (29, 3),
    (29, 4),
    (29, 5),
    (29, 6),
    (30, 1),
    (30, 2),
    (30, 3),
    (30, 4),
    (30, 5),
    (30, 6),
    (31, 1),
    (31, 6),
    (32, 1),
    (32, 3),
    (33, 1),
    (33, 6),
    (34, 1),
    (34, 2),
    (34, 3),
    (34, 4),
    (34, 5),
    (34, 6),
    (35, 1),
    (35, 2),
    (35, 3),
    (35, 4),
    (35, 5),
    (35, 6),
    (36, 1),
    (36, 2),
    (37, 1),
    (37, 2),
    (38, 1),
    (38, 3),
    (39, 1),
    (39, 2),
    (39, 3),
    (39, 4),
    (39, 5),
    (39, 6),
    (40, 1),
    (40, 2),
    (40, 3),
    (40, 4),
    (40, 5),
    (40, 6),
    (41, 1),
    (41, 6),
    (42, 1),
    (42, 2),
    (43, 1),
    (43, 6),
    (44, 1),
    (44, 2),
    (44, 3),
    (44, 4),
    (44, 5),
    (44, 6),
    (45, 1),
    (45, 2),
    (45, 3),
    (45, 4),
    (45, 5),
    (45, 6),
    (46, 1),
    (46, 6),
    (47, 1),
    (47, 2),
    (48, 1),
    (48, 3),
    (49, 1),
    (49, 2),
    (49, 3),
    (49, 4),
    (49, 5),
    (49, 6),
    (50, 1),
    (50, 2),
    (50, 3),
    (50, 4),
    (50, 5),
    (50, 6),
    (51, 1),
    (51, 2),
    (51, 3),
    (51, 4),
    (51, 5),
    (51, 6),
    (52, 1),
    (52, 2),
    (52, 3),
    (52, 4),
    (52, 5),
    (52, 6),
    (53, 1),
    (53, 2),
    (53, 3),
    (53, 4),
    (53, 5),
    (53, 6),
    (54, 1),
    (54, 2),
    (54, 3),
    (54, 4),
    (54, 5),
    (54, 6),
    (55, 1),
    (55, 2),
    (55, 3),
    (55, 4),
    (55, 5),
    (55, 6),
    (56, 1),
    (56, 2),
    (56, 3),
    (56, 4),
    (56, 5),
    (56, 6),
    (57, 1),
    (57, 2),
    (57, 3),
    (57, 4),
    (57, 5),
    (57, 6),
    (58, 1),
    (58, 2),
    (58, 3),
    (58, 4),
    (58, 5),
    (58, 6),
    (59, 1),
    (59, 2),
    (59, 3),
    (59, 4),
    (59, 5),
    (59, 6),
    (60, 1),
    (60, 2),
    (60, 3),
    (60, 4),
    (60, 5),
    (60, 6),
    (61, 1),
    (61, 2),
    (61, 3),
    (61, 4),
    (61, 5),
    (61, 6),
    (62, 1),
    (62, 2),
    (62, 3),
    (62, 4),
    (62, 5),
    (62, 6),
    (63, 1),
    (63, 2),
    (63, 3),
    (63, 4),
    (63, 5),
    (63, 6),
    (64, 1),
    (64, 2),
    (64, 3),
    (64, 4),
    (64, 5),
    (64, 6),
    (65, 1),
    (65, 2),
    (65, 3),
    (65, 4),
    (65, 5),
    (65, 6),
    (66, 1),
    (66, 2),
    (66, 3),
    (66, 4),
    (66, 5),
    (66, 6),
    (67, 1),
    (67, 2),
    (67, 3),
    (67, 4),
    (67, 5),
    (67, 6),
    (68, 1),
    (68, 2),
    (68, 3),
    (68, 4),
    (68, 5),
    (68, 6),
    (69, 1),
    (69, 2),
    (69, 3),
    (69, 4),
    (69, 5),
    (69, 6),
    (70, 1),
    (70, 2),
    (70, 3),
    (70, 4),
    (70, 5),
    (70, 6),
    (71, 1),
    (71, 2),
    (71, 3),
    (71, 4),
    (71, 5),
    (71, 6),
    (72, 1),
    (72, 2),
    (72, 3),
    (72, 4),
    (72, 5),
    (72, 6),
    (73, 1),
    (73, 2),
    (73, 3),
    (73, 4),
    (73, 5),
    (73, 6),
    (74, 1),
    (74, 2),
    (74, 3),
    (74, 4),
    (74, 5),
    (74, 6),
    (75, 1),
    (75, 2),
    (75, 3),
    (75, 4),
    (75, 5),
    (75, 6),
    (76, 1),
    (76, 2),
    (76, 3),
    (76, 4),
    (76, 5),
    (76, 6),
    (77, 1),
    (77, 2),
    (77, 3),
    (77, 4),
    (77, 5),
    (77, 6),
    (78, 1),
    (78, 2),
    (78, 3),
    (78, 4),
    (78, 5),
    (78, 6),
    (79, 1),
    (79, 2),
    (79, 3),
    (79, 4),
    (79, 5),
    (79, 6),
    (80, 1),
    (80, 2),
    (80, 3),
    (80, 4),
    (80, 5),
    (80, 6),
    (81, 1),
    (81, 2),
    (81, 3),
    (81, 4),
    (81, 5),
    (81, 6),
    (82, 1),
    (82, 2),
    (82, 3),
    (82, 4),
    (82, 5),
    (82, 6),
    (83, 1),
    (83, 2),
    (83, 3),
    (83, 4),
    (83, 5),
    (83, 6),
    (84, 1),
    (84, 2),
    (84, 3),
    (84, 4),
    (84, 5),
    (84, 6),
    (85, 1),
    (85, 2),
    (85, 3),
    (85, 4),
    (85, 5),
    (85, 6),
    (86, 1),
    (86, 2),
    (86, 3),
    (86, 4),
    (86, 5),
    (86, 6),
    (87, 1),
    (87, 2),
    (87, 3),
    (87, 4),
    (87, 5),
    (87, 6),
    (88, 1),
    (88, 2),
    (88, 3),
    (88, 4),
    (88, 5),
    (88, 6),
    (89, 1),
    (89, 2),
    (89, 3),
    (89, 4),
    (89, 5),
    (89, 6),
    (90, 1),
    (90, 2),
    (90, 3),
    (90, 4),
    (90, 5),
    (90, 6),
    (91, 1),
    (91, 2),
    (91, 3),
    (91, 4),
    (91, 5),
    (91, 6),
    (92, 1),
    (92, 2),
    (92, 3),
    (92, 4),
    (92, 5),
    (92, 6),
    (93, 1),
    (93, 2),
    (93, 3),
    (93, 4),
    (93, 5),
    (93, 6),
    (94, 1),
    (94, 2),
    (94, 3),
    (94, 4),
    (94, 5),
    (94, 6),
    (95, 1),
    (95, 2),
    (95, 3),
    (95, 4),
    (95, 5),
    (95, 6),
    (96, 1),
    (96, 2),
    (96, 3),
    (96, 4),
    (96, 5),
    (96, 6),
    (97, 1),
    (97, 2),
    (97, 3),
    (97, 4),
    (97, 5),
    (97, 6),
    (98, 1),
    (98, 2),
    (98, 3),
    (98, 4),
    (98, 5),
    (98, 6),
    (99, 1),
    (99, 2),
    (99, 3),
    (99, 4),
    (99, 5),
    (99, 6),
    (100, 1),
    (100, 2),
    (100, 3),
    (100, 4),
    (100, 5),
    (100, 6);

-- 

/* USER FLOW PROGRESS */
INSERT INTO user_flow_progress (user_id, next_phase)
VALUES
    (1, 'MOTIVATION'),
    (2, 'TECH1'),
    (3, 'INTRO'),
    (4, 'TECH2'),
    (5, 'PERSONALITY');

-- 

/* ANSWERS */
INSERT INTO answers (answer_id, user_id, question_id, answer_text, answer_type, status, level, starred, created_at, memo)
VALUES
    (1, 1, 1, 'TLS는 대칭키 교환을 위해 비대칭키를 활용하며, 클라이언트와 서버가 서로의 인증서를 검증한 후 세션키를 생성합니다. HTTP는 평문 통신이지만 HTTPS는 암호화된 통신을 제공합니다.', 'TEXT', 'COMPLETED', 4, 0, '2025-09-01 09:12:00', '핸드셰이크 과정을 더 자세히'),
    (2, 2, 2, 'B+트리 구조를 사용하여 데이터 검색 속도를 향상시키는 자료구조입니다. 하지만 INSERT/UPDATE 시 인덱스 재정렬이 필요하므로 성능 저하가 발생할 수 있습니다.', 'TEXT', 'COMPLETED', 5, 1, '2025-09-02 08:45:00', '클러스터드/넌클러스터드 구분 필요'),
    (3, 3, 3, '안녕하세요, 데이터 분석에 열정을 가진 김도현입니다. 3년간 금융 데이터 분석 경험이 있으며, 파이썬과 SQL을 활용한 데이터 처리에 능숙합니다.', 'TEXT', 'COMPLETED', 3, 0, '2025-09-03 21:10:00', '구체적인 성과 언급 필요'),
    (4, 4, 4, '사용자 중심의 서비스 개발에 관심이 많습니다. 특히 UX/UI 개선을 통해 사용자 만족도를 높이고, A/B 테스트를 통한 데이터 기반 의사결정을 중요하게 생각합니다.', 'TEXT', 'COMPLETED', 4, 1, '2025-09-04 20:05:00', NULL),
    (5, 5, 5, '프로세스는 독립적인 메모리 공간을 가지며, 스레드는 메모리를 공유합니다. 컨텍스트 스위칭 시 CPU 캐시 미스와 TLB 미스로 인한 오버헤드가 발생합니다.', 'TEXT', 'COMPLETED', 4, 0, '2025-09-05 07:50:00', NULL),
    (6, 1, 6, 'REST API는 HTTP 메서드(GET, POST, PUT, DELETE)를 사용하고, 상태코드로 결과를 전달합니다. 200은 성공, 400은 클라이언트 오류, 500은 서버 오류를 의미합니다.', 'TEXT', 'COMPLETED', 3, 0, '2025-09-06 10:15:00', '리소스 URI 설계 원칙 추가'),
    (7, 2, 7, 'INNER JOIN은 양쪽 테이블에 모두 존재하는 데이터만, LEFT JOIN은 왼쪽 테이블의 모든 데이터와 매칭되는 오른쪽 데이터를 반환합니다. RIGHT JOIN과 FULL OUTER JOIN도 있습니다.', 'TEXT', 'COMPLETED', 4, 1, '2025-09-07 14:30:00', '실제 예시로 설명하면 더 좋을듯'),
    (8, 3, 8, 'merge는 브랜치를 합치면서 커밋 히스토리를 보존하고, rebase는 커밋을 재배치하여 선형적인 히스토리를 만듭니다. 협업 시에는 merge가, 깔끔한 히스토리가 필요할 때는 rebase를 사용합니다.', 'TEXT', 'COMPLETED', 5, 0, '2025-09-08 16:45:00', '실무에서 잘 활용중'),
    (9, 4, 9, '제 강점은 문제 해결 능력입니다. 복잡한 문제를 단계별로 분해해서 해결하는 것을 좋아합니다. 약점은 완벽주의 성향으로 때로는 과도하게 세부사항에 집착할 때가 있습니다.', 'TEXT', 'COMPLETED', 3, 1, '2025-09-09 11:20:00', '구체적인 사례 필요'),
    (10, 5, 10, '5년 후에는 풀스택 개발자로 성장하여 팀을 리드할 수 있는 시니어 개발자가 되고 싶습니다. 기술적 역량뿐만 아니라 비즈니스 관점에서도 사고할 수 있는 개발자가 목표입니다.', 'TEXT', 'COMPLETED', 4, 0, '2025-09-10 09:30:00', NULL),
    (11, 1, 11, 'Docker는 OS 레벨 가상화로 가볍고 빠르며, VM은 하드웨어 레벨 가상화로 완전한 격리를 제공합니다. 컨테이너는 일관된 환경 제공과 빠른 배포가 장점입니다.', 'TEXT', 'COMPLETED', 4, 1, '2025-09-11 13:40:00', 'Kubernetes 언급도 좋겠네'),
    (12, 2, 12, 'MVC는 Model, View, Controller로 구성되어 관심사 분리와 코드 재사용성을 높입니다. 하지만 Controller가 비대해질 수 있고, 복잡한 로직에서는 의존성이 커질 수 있습니다.', 'TEXT', 'COMPLETED', 4, 0, '2025-09-12 15:55:00', '다른 패턴과 비교하면 더 좋을듯'),
    (13, 3, 13, '최근 웹 크롤링 프로젝트를 진행했습니다. Python의 Scrapy를 사용해서 부동산 데이터를 수집하고, 데이터베이스에 저장한 후 시각화까지 구현했습니다.', 'TEXT', 'COMPLETED', 3, 0, '2025-09-13 12:10:00', '기술 스택과 성과 더 구체적으로'),
    (14, 4, 14, '이전 프로젝트에서 의견 충돌이 있었지만, 각자의 관점을 듣고 데이터를 기반으로 합리적인 결정을 내렸습니다. 결과적으로 팀 전체가 만족할 수 있는 솔루션을 찾았습니다.', 'TEXT', 'COMPLETED', 4, 1, '2025-09-14 17:25:00', '리더십 경험 어필 좋음'),
    (15, 5, 15, 'RDBMS는 ACID 특성을 보장하고 정규화된 구조를 가지며, NoSQL은 확장성과 유연성이 뛰어납니다. 금융 시스템은 RDBMS가, 빅데이터나 실시간 처리는 NoSQL이 적합합니다.', 'TEXT', 'COMPLETED', 5, 0, '2025-09-15 08:45:00', '구체적인 NoSQL 종류별 특징'),
    (16, 1, 16, 'IoC는 제어의 역전으로 객체의 생성과 생명주기를 스프링이 관리합니다. DI는 의존성 주입으로 객체 간의 결합도를 낮추고 테스트가 용이해집니다.', 'TEXT', 'COMPLETED', 4, 0, '2025-09-16 10:20:00', '@Autowired 예시 추가하면 좋을듯'),
    (17, 2, 17, '호이스팅은 변수나 함수 선언이 스코프 최상단으로 끌어올려지는 현상입니다. 클로저는 함수가 선언된 렉시컬 스코프를 기억하여 외부 변수에 접근할 수 있게 합니다.', 'TEXT', 'COMPLETED', 5, 1, '2025-09-17 11:30:00', 'var vs let/const 차이도 언급'),
    (18, 3, 18, 'TCP는 연결 지향적이고 신뢰성을 보장하며, UDP는 비연결 지향적이고 빠른 전송이 특징입니다. 웹은 TCP를, 게임이나 스트리밍은 UDP를 주로 사용합니다.', 'TEXT', 'COMPLETED', 4, 0, '2025-09-18 14:45:00', '3-way handshake 설명 추가'),
    (19, 4, 19, 'API 성능 이슈가 있었을 때, 프로파일링 도구로 병목 지점을 찾고 쿼리 최적화와 캐싱을 적용해서 응답 시간을 70% 단축시킨 경험이 있습니다.', 'TEXT', 'COMPLETED', 4, 1, '2025-09-19 09:15:00', '구체적인 수치와 과정 좋음'),
    (20, 5, 20, '사용자에게 가치를 전달하는 것이 가장 중요하다고 생각합니다. 기술적 완성도도 중요하지만, 결국 비즈니스 문제를 해결하고 사용자 경험을 개선하는 것이 핵심입니다.', 'TEXT', 'COMPLETED', 5, 0, '2025-09-20 16:00:00', '철학이 잘 드러남'),
    (21, 1, 21, 'Redis는 메모리 기반 키-값 저장소로 빠른 읽기/쓰기가 가능합니다. 세션 저장, 캐싱, 실시간 랭킹 등에 활용되지만 데이터 지속성과 메모리 용량 제한이 단점입니다.', 'TEXT', 'COMPLETED', 4, 1, '2025-09-21 12:25:00', 'Redis Cluster 언급도 좋겠네'),
    (22, 2, 22, 'Flexbox는 1차원 레이아웃으로 아이템 정렬에 강하고, Grid는 2차원 레이아웃으로 복잡한 레이아웃 구성에 적합합니다. 간단한 정렬은 Flexbox, 복잡한 레이아웃은 Grid를 사용합니다.', 'TEXT', 'COMPLETED', 4, 0, '2025-09-22 13:40:00', '실제 사용 사례 예시 추가'),
    (23, 3, 23, '캡슐화, 상속, 다형성, 추상화가 4대 원칙입니다. 캡슐화는 데이터 은닉, 상속은 코드 재사용, 다형성은 같은 인터페이스로 다른 동작, 추상화는 복잡성 숨기기입니다.', 'TEXT', 'COMPLETED', 3, 0, '2025-09-23 15:20:00', '각 원칙별 구체적 예시 필요'),
    (24, 4, 24, '공식 문서를 먼저 읽고, 작은 프로젝트를 통해 실습해봅니다. 온라인 강의와 커뮤니티 활동을 통해 다른 개발자들의 경험도 참고하며 지속적으로 학습합니다.', 'TEXT', 'COMPLETED', 4, 1, '2025-09-24 08:30:00', '학습 방법론이 체계적'),
    (25, 5, 25, '초기에 요구사항 분석이 부족해서 중간에 큰 변경이 있었습니다. 이후로는 프로젝트 시작 전 충분한 사전 조사와 이해관계자와의 소통을 중요하게 생각하게 되었습니다.', 'TEXT', 'COMPLETED', 4, 0, '2025-09-25 17:10:00', '실패에서 배운 교훈이 좋음'),
    (26, 1, 26, 'JVM은 힙 메모리의 가비지를 자동으로 수거합니다. Mark and Sweep 알고리즘으로 참조되지 않는 객체를 찾아 제거하며, G1GC, ZGC 등 다양한 GC 알고리즘이 있습니다.', 'TEXT', 'COMPLETED', 5, 1, '2025-09-26 11:50:00', 'GC 튜닝 경험도 언급하면 좋을듯'),
    (27, 2, 27, 'Virtual DOM은 실제 DOM의 가상 표현으로 메모리상에서 빠른 비교가 가능합니다. React.memo, useMemo, useCallback을 통한 메모이제이션으로 불필요한 리렌더링을 방지할 수 있습니다.', 'TEXT', 'COMPLETED', 5, 0, '2025-09-27 14:15:00', 'React 최적화 기법 잘 알고 있음'),
    (28, 3, 28, 'SQL Injection은 사용자 입력을 통해 악의적인 SQL을 실행하는 공격입니다. PreparedStatement 사용, 입력값 검증, ORM 사용 등으로 예방할 수 있습니다.', 'TEXT', 'COMPLETED', 4, 1, '2025-09-28 09:40:00', '구체적인 예시 코드 추가하면 더 좋음'),
    (29, 4, 29, '가독성이 좋고, 유지보수가 쉬우며, 확장 가능한 코드가 좋은 코드라고 생각합니다. SOLID 원칙을 지키고, 적절한 주석과 의미있는 변수명을 사용하는 것이 중요합니다.', 'TEXT', 'COMPLETED', 4, 0, '2025-09-29 16:25:00', '클린코드 원칙을 잘 이해함'),
    (30, 5, 30, '기본 개념을 이해한 후 공식 튜토리얼을 따라해보고, 작은 토이 프로젝트를 만들어봅니다. 그 후 실제 프로젝트에 적용하면서 깊이있게 학습합니다.', 'TEXT', 'COMPLETED', 4, 1, '2025-09-30 13:30:00', '단계적 학습 접근법이 좋음'),
    (31, 1, 31, '마이크로서비스는 서비스 독립성과 확장성이 장점이지만, 네트워크 복잡성과 분산 시스템의 어려움이 단점입니다. 조직 규모와 시스템 복잡도를 고려해야 합니다.', 'TEXT', 'COMPLETED', 4, 0, '2025-10-01 10:20:00', 'Conways Law 언급도 좋겠네'),
    (32, 2, 32, 'GIL은 파이썬에서 한 번에 하나의 스레드만 파이썬 바이트코드를 실행할 수 있게 하는 뮤텍스입니다. CPU 집약적 작업에서는 멀티프로세싱을 고려해야 합니다.', 'TEXT', 'COMPLETED', 5, 1, '2025-10-02 15:45:00', 'GIL 우회 방법까지 잘 알고 있음'),
    (33, 3, 33, 'CI/CD는 코드 통합, 빌드, 테스트, 배포를 자동화합니다. Jenkins, GitHub Actions 등의 도구로 구축하며, 빠른 피드백과 안정적인 배포가 장점입니다.', 'TEXT', 'COMPLETED', 4, 0, '2025-10-03 12:10:00', '실제 구축 경험 언급하면 더 좋음'),
    (34, 4, 34, '코드 리뷰는 코드 품질 향상과 지식 공유에 필수적입니다. 건설적인 피드백을 주고받으며, 비즈니스 로직과 성능까지 고려한 리뷰를 하려고 노력합니다.', 'TEXT', 'COMPLETED', 4, 1, '2025-10-04 14:50:00', '코드 리뷰 문화에 대한 이해가 좋음'),
    (35, 5, 35, '기술 블로그 작성과 오픈소스 기여를 즐깁니다. 새로운 언어나 프레임워크를 배우는 것도 취미이고, 운동을 통해 체력 관리도 하고 있습니다.', 'TEXT', 'COMPLETED', 3, 0, '2025-10-05 18:30:00', '개발 외 관심사도 균형있음'),
    (36, 1, 36, 'OAuth 2.0은 토큰 기반 인증 프로토콜입니다. Authorization Code, Implicit, Client Credentials 등의 플로우가 있으며, HTTPS 필수, 토큰 만료 등을 고려해야 합니다.', 'TEXT', 'COMPLETED', 5, 1, '2025-10-06 11:15:00', 'JWT와의 관계도 언급하면 완벽'),
    (37, 2, 37, 'GraphQL은 클라이언트가 필요한 데이터만 요청할 수 있어 효율적이고, 타입 시스템이 강력합니다. REST는 캐싱이 쉽고 표준화되어 있지만 Over/Under-fetching 문제가 있습니다.', 'TEXT', 'COMPLETED', 4, 0, '2025-10-07 09:25:00', 'N+1 문제 해결 방법도 언급하면 좋음'),
    (38, 3, 38, 'ACID는 원자성(Atomicity), 일관성(Consistency), 격리성(Isolation), 지속성(Durability)을 의미합니다. 트랜잭션이 안전하고 신뢰할 수 있게 처리되도록 보장하는 속성입니다.', 'TEXT', 'COMPLETED', 4, 1, '2025-10-08 16:40:00', '각 속성별 구체적 설명 좋음'),
    (39, 4, 39, '먼저 상대방의 의견을 충분히 들어보고, 데이터와 근거를 바탕으로 논의합니다. 감정이 아닌 논리로 접근하며, 필요시 제3자의 의견도 구합니다.', 'TEXT', 'COMPLETED', 4, 0, '2025-10-09 13:20:00', '갈등 해결 능력이 좋음'),
    (40, 5, 40, '현재 회사는 좋지만 더 큰 도전과 성장 기회를 찾고 있습니다. 새로운 기술 스택과 더 큰 규모의 프로젝트에서 경험을 쌓고 싶습니다.', 'TEXT', 'COMPLETED', 3, 1, '2025-10-10 10:05:00', '긍정적인 이직 동기'),
    (41, 1, 41, 'Kubernetes는 컨테이너 오케스트레이션 플랫폼으로 Pod, Service, Deployment 등의 객체로 구성됩니다. 자동 스케일링, 로드 밸런싱, 자가 치유 기능을 제공합니다.', 'TEXT', 'COMPLETED', 5, 0, '2025-10-11 14:30:00', 'K8s 실무 경험이 풍부해 보임'),
    (42, 2, 42, '함수형 프로그래밍은 순수 함수와 불변성을 중시합니다. 사이드 이펙트가 없어 예측 가능하고, 병렬 처리가 안전하며, 테스트와 디버깅이 쉽다는 장점이 있습니다.', 'TEXT', 'COMPLETED', 4, 1, '2025-10-12 12:15:00', 'FP 패러다임 이해도 좋음'),
    (43, 3, 43, 'L4는 IP와 포트 기반, L7은 HTTP 헤더나 쿠키 등 애플리케이션 계층 정보를 기반으로 합니다. Round Robin, Least Connection, IP Hash 등의 알고리즘이 있습니다.', 'TEXT', 'COMPLETED', 4, 0, '2025-10-13 15:50:00', '로드밸런싱 알고리즘까지 잘 알고 있음'),
    (44, 4, 44, '업무 우선순위를 정리하고 단계별로 해결해나갑니다. 동료들과의 소통을 통해 도움을 받기도 하고, 적절한 휴식을 취하면서 스트레스를 관리합니다.', 'TEXT', 'COMPLETED', 3, 1, '2025-10-14 11:35:00', '스트레스 관리 능력 좋음'),
    (45, 5, 45, '10년 후에는 기술과 비즈니스를 모두 이해하는 CTO나 테크 리더가 되고 싶습니다. 개발팀을 이끌면서 회사의 기술 전략을 수립하는 역할을 하고 싶습니다.', 'TEXT', 'COMPLETED', 5, 0, '2025-10-15 17:20:00', '장기적 비전이 명확함'),
    (46, 1, 46, '이벤트 드리븐 아키텍처는 이벤트 생성, 전달, 처리를 중심으로 구성됩니다. 느슨한 결합과 확장성이 장점이지만, 이벤트 순서와 중복 처리 등을 고려해야 합니다.', 'TEXT', 'COMPLETED', 4, 1, '2025-10-16 13:45:00', '이벤트 소싱 개념까지 언급하면 더 좋음'),
    (47, 2, 47, 'TypeScript는 정적 타입을 제공하여 컴파일 시점에 오류를 잡을 수 있고, IDE 지원이 뛰어납니다. 대규모 프로젝트에서 코드 안정성과 개발 생산성을 높입니다.', 'TEXT', 'COMPLETED', 5, 0, '2025-10-17 10:30:00', 'TS의 장점을 정확히 파악함'),
    (48, 3, 48, 'Sharding은 데이터를 여러 데이터베이스에 수평 분할하는 것이고, Replication은 동일한 데이터를 여러 서버에 복제하는 것입니다. 확장성과 가용성 목적이 다릅니다.', 'TEXT', 'COMPLETED', 4, 1, '2025-10-18 16:25:00', '분산 데이터베이스 개념 잘 이해함'),
    (49, 4, 49, '프로젝트 매니저 역할을 맡아 팀원들의 업무를 조율하고 일정을 관리했습니다. 정기 회의를 통해 진행 상황을 공유하고, 블로커가 있을 때 빠르게 해결책을 찾았습니다.', 'TEXT', 'COMPLETED', 4, 0, '2025-10-19 14:10:00', '리더십 경험이 구체적임'),
    (50, 5, 50, '이 회사의 기술 스택과 도전적인 프로젝트들에 기여하고 싶습니다. 특히 확장성 있는 시스템 설계와 성능 최적화 분야에서 전문성을 발휘하여 서비스 성장에 도움이 되고 싶습니다.', 'TEXT', 'COMPLETED', 5, 1, '2025-10-20 12:55:00', '구체적인 기여 방안 제시'),
    (51, 1, 51, '동료의 실수를 공개적으로 지적하지 않고, 상황과 영향 범위를 공유한 뒤 대안을 함께 찾습니다.', 'TEXT', 'COMPLETED', 4, 0, '2025-10-21 09:12:00', 'SBI 피드백 구조 활용'),
    (52, 2, 52, '짧은 스프린트로 쪼개고, 가장 영향이 큰 일을 먼저 처리해 가시적 성과를 만듭니다.', 'TEXT', 'COMPLETED', 4, 1, '2025-10-22 08:45:00', 'Pomodoro와 산책 병행'),
    (53, 3, 53, '관계와 일정 모두 중요할 때 먼저 일정 조율을 제안하고, 근거를 공유해 합의를 이끌었습니다.', 'TEXT', 'COMPLETED', 3, 0, '2025-10-23 21:10:00', '데이터로 설득'),
    (54, 4, 54, '온보딩 문서를 먼저 읽고, 작게 기여하며 피드백 루프를 빠르게 돌립니다.', 'TEXT', 'COMPLETED', 4, 1, '2025-10-24 20:05:00', NULL),
    (55, 5, 55, '피드백을 메모로 정리해 행동 항목으로 전환하고, 1~2주 후 결과를 공유합니다.', 'TEXT', 'COMPLETED', 4, 0, '2025-10-25 07:50:00', NULL),
    (56, 1, 56, '디자인-개발 페어 세션으로 빠른 의사결정을 했고, 재작업을 40% 줄였습니다.', 'TEXT', 'COMPLETED', 3, 0, '2025-10-26 10:15:00', '페어링 주기 유지'),
    (57, 2, 57, '고객 피드백으로 전환율이 개선된 경험이 큰 동기였습니다.', 'TEXT', 'COMPLETED', 3, 1, '2025-10-27 14:30:00', '지표 기반 동기'),
    (58, 3, 58, '커맨드/쿼리 분리로 읽기 확장성을 확보하지만, 일관성 관리와 복잡도가 증가합니다.', 'TEXT', 'COMPLETED', 4, 0, '2025-10-28 16:45:00', '이벤트 모델링 필요'),
    (59, 4, 59, '비동기 처리와 버퍼링으로 피크 부하를 흡수하지만, 컨슈머 지연과 재처리를 고려합니다.', 'TEXT', 'COMPLETED', 5, 0, '2025-10-29 11:20:00', 'DLQ 구성'),
    (60, 5, 60, '오픈소스 기여로 코드 리뷰 역량이 증가했고, 팀 내 표준 수립에 기여했습니다.', 'TEXT', 'COMPLETED', 4, 0, '2025-10-30 09:30:00', NULL),
    (61, 1, 61, '문제를 투명하게 공유하고, 원인-대책-재발방지 항목으로 회고합니다.', 'TEXT', 'COMPLETED', 4, 1, '2025-10-31 13:40:00', '5-Why 사용'),
    (62, 2, 62, '작은 목표를 설정해 성취감을 쌓고, 동료와 페어로 몰입을 회복합니다.', 'TEXT', 'COMPLETED', 3, 0, '2025-11-01 15:55:00', '15분 규칙'),
    (63, 3, 63, '의사소통 채널과 속도를 상대에 맞추고, 문서화로 오해를 줄였습니다.', 'TEXT', 'COMPLETED', 4, 0, '2025-11-02 12:10:00', '스타일 가이드 공유'),
    (64, 4, 64, '의견 차이의 목적을 먼저 정의하고, 실험으로 빠르게 검증합니다.', 'TEXT', 'COMPLETED', 4, 1, '2025-11-03 17:25:00', 'A/B로 해소'),
    (65, 5, 65, '도구보다는 원칙에 대한 책에서 통찰을 얻고, 팀 정책에 반영했습니다.', 'TEXT', 'COMPLETED', 4, 0, '2025-11-04 08:45:00', '원칙 중심'),
    (66, 1, 66, '로드맵-가치-리스크 기준으로 비교 평가표를 만들어 설득했습니다.', 'TEXT', 'COMPLETED', 4, 0, '2025-11-05 10:20:00', 'RICE 점수'),
    (67, 2, 67, 'CAP은 분산 트레이드오프, PACELC는 지연-일관성의 상시 트레이드오프를 강조합니다.', 'TEXT', 'COMPLETED', 5, 1, '2025-11-06 11:30:00', '사례 링크'),
    (68, 3, 68, '서킷 브레이커로 연쇄 장애를 막고, 지수 백오프로 재시도합니다.', 'TEXT', 'COMPLETED', 4, 0, '2025-11-07 14:45:00', '히스테리시스 설정'),
    (69, 4, 69, '타임라인과 리스크를 공개하고, 일일 데모로 신뢰를 쌓았습니다.', 'TEXT', 'COMPLETED', 4, 1, '2025-11-08 09:15:00', '데모 주도'),
    (70, 5, 70, '심리적 안전감을 만드는 동료가 되고자 피드백 루틴을 운영합니다.', 'TEXT', 'COMPLETED', 4, 0, '2025-11-09 16:00:00', NULL),
    (71, 1, 71, '이슈를 스스로 정의하고 실험 계획-실행-보고 사이클을 주도합니다.', 'TEXT', 'COMPLETED', 4, 1, '2025-11-10 12:25:00', '자기주도 목표'),
    (72, 2, 72, '이유를 복기하고 작은 승리를 쌓아 팀 사기를 회복합니다.', 'TEXT', 'COMPLETED', 3, 0, '2025-11-11 13:40:00', '회복 플랜'),
    (73, 3, 73, '사실-영향-요청 순서로 전달하고, 대안과 선택지를 제공합니다.', 'TEXT', 'COMPLETED', 4, 0, '2025-11-12 15:20:00', 'SBI 원칙'),
    (74, 4, 74, '가치-리스크-노력 기준의 의사결정 매트릭스로 정렬합니다.', 'TEXT', 'COMPLETED', 4, 1, '2025-11-13 08:30:00', '매트릭스 템플릿'),
    (75, 5, 75, '문제 정의와 구조화된 설계 시간이 긴 업무를 선호합니다.', 'TEXT', 'COMPLETED', 3, 0, '2025-11-14 17:10:00', '딥워크'),
    (76, 1, 76, 'ROI, 학습곡선, 조직 영향도 기반으로 파일럿을 제안합니다.', 'TEXT', 'COMPLETED', 4, 1, '2025-11-15 11:50:00', '파일럿 우선'),
    (77, 2, 77, '이벤트 로그가 단일 진실원이 되지만, 조회 모델 동기화가 과제입니다.', 'TEXT', 'COMPLETED', 5, 0, '2025-11-16 14:15:00', '스냅샷 주기'),
    (78, 3, 78, '사가 패턴으로 보상 트랜잭션을 설계해 분산 일관성을 달성합니다.', 'TEXT', 'COMPLETED', 4, 0, '2025-11-17 09:40:00', '오케스트레이션'),
    (79, 4, 79, '신뢰, 명확성, 주인의식을 가장 중요하게 생각합니다.', 'TEXT', 'COMPLETED', 3, 1, '2025-11-18 16:25:00', '원칙 선언'),
    (80, 5, 80, '배포 파이프라인 병목을 제거해 리드타임을 30% 단축했습니다.', 'TEXT', 'COMPLETED', 5, 0, '2025-11-19 12:55:00', '자동화 과제'),
    (81, 1, 81, '수면/운동/집중 루틴을 먼저 복구해 에너지를 회복합니다.', 'TEXT', 'COMPLETED', 3, 0, '2025-11-20 09:12:00', '루틴 체크리스트'),
    (82, 2, 82, '약속 지키기, 투명한 커뮤니케이션, 꾸준한 성과 공유를 실천합니다.', 'TEXT', 'COMPLETED', 4, 1, '2025-11-21 08:45:00', '주간 노트'),
    (83, 3, 83, '핵심 시간 보호와 비핵심 시간 분리를 통해 균형을 만듭니다.', 'TEXT', 'COMPLETED', 4, 0, '2025-11-22 21:10:00', '타임 블로킹'),
    (84, 4, 84, '실패 회고를 정례화해 학습을 제도화하고, 재발 방지안을 추적합니다.', 'TEXT', 'COMPLETED', 4, 1, '2025-11-23 20:05:00', NULL),
    (85, 5, 85, '문서 중심 협업과 비동기 커뮤니케이션을 선호합니다.', 'TEXT', 'COMPLETED', 3, 0, '2025-11-24 07:50:00', NULL),
    (86, 1, 86, '멘토링과 코드리뷰로 성장 곡선을 가속한 경험이 있습니다.', 'TEXT', 'COMPLETED', 4, 0, '2025-11-25 10:15:00', '멘토-멘티 매칭'),
    (87, 2, 87, '스키마 분리, 데이터 격리, 코스트 모델을 고려합니다.', 'TEXT', 'COMPLETED', 5, 1, '2025-11-26 14:30:00', '샤딩 전략'),
    (88, 3, 88, 'OIDC는 인증 계층을 추가해 프로필과 세션을 표준화합니다.', 'TEXT', 'COMPLETED', 4, 0, '2025-11-27 16:45:00', '토큰 수명 관리'),
    (89, 4, 89, '반복적 잡무를 GitHub Actions로 자동화해 오류를 줄였습니다.', 'TEXT', 'COMPLETED', 4, 1, '2025-11-28 11:20:00', '워크플로 템플릿'),
    (90, 5, 90, '상황 공유-역할 위임-사후 코칭으로 성과를 냈습니다.', 'TEXT', 'COMPLETED', 4, 0, '2025-11-29 09:30:00', NULL),
    (91, 1, 91, '공통 목표를 재확인하고, 비논쟁적 사실부터 합의합니다.', 'TEXT', 'COMPLETED', 4, 1, '2025-11-30 13:40:00', '합의 빌딩'),
    (92, 2, 92, '수면 부채 해소를 최우선으로 하고, 업무 강도를 점진 복귀합니다.', 'TEXT', 'COMPLETED', 3, 0, '2025-12-01 15:55:00', '에너지 관리'),
    (93, 3, 93, '강점-역할 매핑으로 동기를 올리고, 페어로 역량 전이를 유도합니다.', 'TEXT', 'COMPLETED', 4, 0, '2025-12-02 12:10:00', '스트렝스 파인더'),
    (94, 4, 94, '비난 없이 사실과 영향으로만 표현하고, 대안을 제시합니다.', 'TEXT', 'COMPLETED', 4, 1, '2025-12-03 17:25:00', '비폭력 대화'),
    (95, 5, 95, '최근 배운 것을 팀 위키에 공유하며 학습 전파를 합니다.', 'TEXT', 'COMPLETED', 3, 0, '2025-12-04 08:45:00', '학습 로그'),
    (96, 1, 96, '문제 해결 순간과 팀과의 시너지를 느낄 때 즐겁습니다.', 'TEXT', 'COMPLETED', 4, 0, '2025-12-05 10:20:00', '동기 요인'),
    (97, 2, 97, 'RW 캐시 계층과 무효화 정책으로 일관성과 성능을 균형화합니다.', 'TEXT', 'COMPLETED', 5, 1, '2025-12-06 11:30:00', 'TTL/Tag 병행'),
    (98, 3, 98, '로깅-메트릭-트레이싱을 상호 연결해 문제 원인을 빠르게 찾습니다.', 'TEXT', 'COMPLETED', 4, 0, '2025-12-07 14:45:00', 'SLO 중심'),
    (99, 4, 99, '감사와 피드백 문화를 통해 심리적 안전감을 높였습니다.', 'TEXT', 'COMPLETED', 4, 1, '2025-12-08 09:15:00', '감사 데일리'),
    (100, 5, 100, '장기 프로젝트에서 목표-마일스톤-리스크를 명확히 운영했습니다.', 'TEXT', 'COMPLETED', 5, 0, '2025-12-09 16:00:00', NULL);

-- 

/* ANSWER FEEDBACKS */
INSERT INTO feedbacks (feedback_id, answer_id, status, content, latency_ms, created_at)
VALUES
    (1, 1, 'DONE', '{"positivePoints": ["HTTP와 HTTPS의 차이점을 명확히 구분", "대칭키와 비대칭키 활용 방식 언급"], "pointsForImprovement": ["구체적인 핸드셰이크 단계별 설명 추가", "인증서 검증 과정의 세부사항 보완"]}', 820, '2025-09-01 09:13:00'),
    (2, 2, 'DONE', '{"positivePoints": ["B+트리 구조 언급이 정확함", "성능 trade-off에 대한 이해"], "pointsForImprovement": ["클러스터드/넌클러스터드 인덱스 구분 설명", "실제 사용 사례 예시 추가"]}', 1040, '2025-09-02 08:47:00'),
    (3, 3, 'DONE', '{"positivePoints": ["구체적인 경력과 기술 스택 언급", "데이터 분석에 대한 열정 표현"], "pointsForImprovement": ["구체적인 성과나 프로젝트 결과 언급", "향후 목표와 비전 추가"]}', 750, '2025-09-03 21:11:00'),
    (4, 4, 'DONE', '{"positivePoints": ["UX/UI 개선에 대한 관심", "데이터 기반 의사결정 중시"], "pointsForImprovement": ["구체적인 A/B 테스트 경험 사례", "사용자 만족도 향상을 위한 구체적 방법론"]}', 680, '2025-09-04 20:06:00'),
    (5, 5, 'DONE', '{"positivePoints": ["메모리 공간 차이점 정확히 파악", "컨텍스트 스위칭 비용 요인 언급"], "pointsForImprovement": ["실제 운영체제별 구현 차이", "멀티스레딩 프로그래밍 주의사항 추가"]}', 900, '2025-09-05 07:52:00'),
    (6, 6, 'DONE', '{"positivePoints": ["HTTP 메서드별 용도 구분", "상태코드 분류 정확"], "pointsForImprovement": ["URI 설계 원칙 추가 설명", "HATEOAS 등 REST 제약사항 언급"]}', 720, '2025-09-06 10:16:00'),
    (7, 7, 'DONE', '{"positivePoints": ["INNER JOIN과 LEFT JOIN 차이 명확", "다양한 JOIN 종류 언급"], "pointsForImprovement": ["실제 SQL 예제 코드 제시", "성능 고려사항과 인덱스 활용법"]}', 890, '2025-09-07 14:31:00'),
    (8, 8, 'DONE', '{"positivePoints": ["merge와 rebase의 차이점 명확", "협업 상황에서의 활용법 제시"], "pointsForImprovement": ["충돌 해결 방법", "브랜치 전략과 함께 설명하면 더 좋음"]}', 650, '2025-09-08 16:46:00'),
    (9, 9, 'DONE', '{"positivePoints": ["강점을 구체적으로 표현", "약점을 솔직하게 인정"], "pointsForImprovement": ["구체적인 문제 해결 사례", "약점 개선을 위한 노력 언급"]}', 580, '2025-09-09 11:21:00'),
    (10, 10, 'DONE', '{"positivePoints": ["구체적인 목표 직책 제시", "기술과 비즈니스 균형 고려"], "pointsForImprovement": ["목표 달성을 위한 구체적 계획", "리더십 역량 개발 방안"]}', 760, '2025-09-10 09:31:00'),
    (11, 11, 'DONE', '{"positivePoints": ["가상화 방식의 차이점 정확", "컨테이너의 장점 명확히 파악"], "pointsForImprovement": ["Docker 네트워킹과 볼륨", "실제 운영환경에서의 고려사항"]}', 820, '2025-09-11 13:41:00'),
    (12, 12, 'DONE', '{"positivePoints": ["관심사 분리의 장점 이해", "단점까지 고려한 균형잡힌 시각"], "pointsForImprovement": ["다른 아키텍처 패턴과의 비교", "실제 프레임워크에서의 구현 방식"]}', 710, '2025-09-12 15:56:00'),
    (13, 13, 'DONE', '{"positivePoints": ["Python과 Scrapy 활용", "데이터 수집부터 시각화까지 전 과정"], "pointsForImprovement": ["프로젝트 규모와 성과 수치", "기술적 어려움과 해결 과정"]}', 640, '2025-09-13 12:11:00'),
    (14, 14, 'DONE', '{"positivePoints": ["데이터 기반 의사결정 접근", "팀 전체의 만족을 고려"], "pointsForImprovement": ["구체적인 갈등 상황과 해결 과정", "리더십 발휘 사례"]}', 590, '2025-09-14 17:26:00'),
    (15, 15, 'DONE', '{"positivePoints": ["ACID와 확장성 trade-off 이해", "사용 사례별 적합성 구분"], "pointsForImprovement": ["구체적인 NoSQL 종류별 특징", "CAP 정리와 연결한 설명"]}', 880, '2025-09-15 08:46:00'),
    (16, 16, 'DONE', '{"positivePoints": ["IoC와 DI의 차이점 명확", "테스트 용이성 언급"], "pointsForImprovement": ["실제 애노테이션 사용 예시", "Spring Boot와의 차이점"]}', 750, '2025-09-16 10:21:00'),
    (17, 17, 'DONE', '{"positivePoints": ["호이스팅 메커니즘 정확히 파악", "클로저의 렉시컬 스코프 이해"], "pointsForImprovement": ["var, let, const의 호이스팅 차이", "클로저 활용 실제 사례"]}', 690, '2025-09-17 11:31:00'),
    (18, 18, 'DONE', '{"positivePoints": ["연결 지향성과 신뢰성 차이 파악", "적절한 사용 사례 제시"], "pointsForImprovement": ["3-way handshake 과정", "패킷 손실 처리 메커니즘"]}', 800, '2025-09-18 14:46:00'),
    (19, 19, 'DONE', '{"positivePoints": ["프로파일링을 통한 정확한 원인 파악", "70% 성능 개선이라는 구체적 성과"], "pointsForImprovement": ["사용한 프로파일링 도구 명시", "캐싱 전략의 구체적 내용"]}', 620, '2025-09-19 09:16:00'),
    (20, 20, 'DONE', '{"positivePoints": ["사용자 가치 중심의 사고", "기술과 비즈니스 균형 고려"], "pointsForImprovement": ["구체적인 가치 전달 사례", "기술 부채와 비즈니스 요구 사이의 균형"]}', 540, '2025-09-20 16:01:00'),
    (21, 21, 'DONE', '{"positivePoints": ["메모리 기반의 성능 특성 이해", "다양한 활용 사례 제시"], "pointsForImprovement": ["데이터 지속성 보장 방법", "Redis Cluster나 Sentinel 구성"]}', 780, '2025-09-21 12:26:00'),
    (22, 22, 'DONE', '{"positivePoints": ["1차원 vs 2차원 레이아웃 구분", "적절한 사용 시나리오 제시"], "pointsForImprovement": ["실제 코드 예시", "브라우저 호환성 고려사항"]}', 660, '2025-09-22 13:41:00'),
    (23, 23, 'DONE', '{"positivePoints": ["4대 원칙을 모두 정확히 나열", "각 원칙의 목적 파악"], "pointsForImprovement": ["실제 코드로 구현한 예시", "SOLID 원칙과의 연관성"]}', 720, '2025-09-23 15:21:00'),
    (24, 24, 'DONE', '{"positivePoints": ["공식 문서부터 시작하는 접근", "실습과 커뮤니티 활용"], "pointsForImprovement": ["학습 효과 측정 방법", "새 기술 도입 시 팀 설득 과정"]}', 580, '2025-09-24 08:31:00'),
    (25, 25, 'DONE', '{"positivePoints": ["솔직한 실패 인정", "구체적인 교훈과 개선점 도출"], "pointsForImprovement": ["요구사항 분석 개선 방법론", "이해관계자 소통 기법"]}', 640, '2025-09-25 17:11:00'),
    (26, 26, 'DONE', '{"positivePoints": ["Mark and Sweep 알고리즘 언급", "다양한 GC 종류 파악"], "pointsForImprovement": ["각 GC별 사용 시나리오", "GC 튜닝 실제 경험"]}', 850, '2025-09-26 11:51:00'),
    (27, 27, 'DONE', '{"positivePoints": ["Virtual DOM 동작 원리 정확", "다양한 메모이제이션 기법 활용"], "pointsForImprovement": ["컴포넌트 설계 원칙", "성능 측정 도구 활용"]}', 730, '2025-09-27 14:16:00'),
    (28, 28, 'DONE', '{"positivePoints": ["SQL Injection 공격 원리 파악", "다양한 예방 방법 제시"], "pointsForImprovement": ["구체적인 코드 예시", "다른 보안 취약점과의 연관성"]}', 670, '2025-09-28 09:41:00'),
    (29, 29, 'DONE', '{"positivePoints": ["가독성, 유지보수성 중시", "SOLID 원칙 언급"], "pointsForImprovement": ["구체적인 코드 리뷰 사례", "레거시 코드 개선 경험"]}', 590, '2025-09-29 16:26:00'),
    (30, 30, 'DONE', '{"positivePoints": ["기본 개념부터 실제 적용까지", "체계적인 학습 프로세스"], "pointsForImprovement": ["학습 목표 설정 방법", "기술 트렌드 파악 방식"]}', 610, '2025-09-30 13:31:00'),
    (31, 31, 'DONE', '{"positivePoints": ["독립성과 확장성 장점 파악", "복잡성 증가 단점 고려"], "pointsForImprovement": ["서비스 분리 기준", "분산 시스템 모니터링 방안"]}', 760, '2025-10-01 10:21:00'),
    (32, 32, 'DONE', '{"positivePoints": ["뮤텍스의 역할 정확히 파악", "멀티프로세싱 대안 제시"], "pointsForImprovement": ["GIL 우회 방법들", "비동기 프로그래밍과의 차이"]}', 820, '2025-10-02 15:46:00'),
    (33, 33, 'DONE', '{"positivePoints": ["자동화의 장점 명확히 파악", "대표적인 도구들 언급"], "pointsForImprovement": ["파이프라인 설계 원칙", "배포 전략 종류"]}', 700, '2025-10-03 12:11:00'),
    (34, 34, 'DONE', '{"positivePoints": ["품질 향상과 지식 공유 목적 파악", "포괄적인 리뷰 관점"], "pointsForImprovement": ["효과적인 피드백 전달 방법", "리뷰 도구 활용 경험"]}', 650, '2025-10-04 14:51:00'),
    (35, 35, 'DONE', '{"positivePoints": ["기술 블로그와 오픈소스 활동", "지속적인 학습 의지"], "pointsForImprovement": ["시간 관리 방법", "업무와 개인 성장의 시너지"]}', 520, '2025-10-05 18:31:00'),
    (36, 36, 'DONE', '{"positivePoints": ["다양한 플로우 종류 파악", "보안 고려사항 언급"], "pointsForImprovement": ["JWT와의 관계", "실제 구현 시 주의점"]}', 790, '2025-10-06 11:16:00'),
    (37, 37, 'DONE', '{"positivePoints": ["데이터 fetching 효율성 이해", "각각의 장단점 균형있게 평가"], "pointsForImprovement": ["N+1 문제 해결 방안", "캐싱 전략 차이"]}', 680, '2025-10-07 09:26:00'),
    (38, 38, 'DONE', '{"positivePoints": ["ACID 각 속성의 의미 정확", "트랜잭션의 목적 이해"], "pointsForImprovement": ["격리 수준별 차이", "데드락 방지 방법"]}', 740, '2025-10-08 16:41:00'),
    (39, 39, 'DONE', '{"positivePoints": ["경청과 논리적 접근", "객관적 판단 기준"], "pointsForImprovement": ["갈등 예방 방법", "팀 문화 개선 경험"]}', 580, '2025-10-09 13:21:00'),
    (40, 40, 'DONE', '{"positivePoints": ["성장 기회 추구", "새로운 도전 의지"], "pointsForImprovement": ["구체적인 기술 스택 관심사", "장기적 커리어 연계성"]}', 560, '2025-10-10 10:06:00'),
    (41, 41, 'DONE', '{"positivePoints": ["주요 객체들 정확히 나열", "오케스트레이션 기능 이해"], "pointsForImprovement": ["네트워킹과 스토리지 관리", "운영 환경에서의 모니터링"]}', 860, '2025-10-11 14:31:00'),
    (42, 42, 'DONE', '{"positivePoints": ["순수 함수와 불변성 중요성 파악", "병렬 처리와 테스트 용이성 언급"], "pointsForImprovement": ["함수 합성과 고차 함수", "실제 언어에서의 활용 사례"]}', 720, '2025-10-12 12:16:00'),
    (43, 43, 'DONE', '{"positivePoints": ["L4와 L7의 차이점 명확", "다양한 알고리즘 언급"], "pointsForImprovement": ["Health Check 메커니즘", "세션 유지 방법"]}', 780, '2025-10-13 15:51:00'),
    (44, 44, 'DONE', '{"positivePoints": ["체계적인 업무 우선순위 관리", "팀워크와 휴식의 균형"], "pointsForImprovement": ["스트레스 예방 방법", "번아웃 대처 경험"]}', 500, '2025-10-14 11:36:00'),
    (45, 45, 'DONE', '{"positivePoints": ["기술과 비즈니스 리더십 균형", "구체적인 목표 직책 제시"], "pointsForImprovement": ["리더십 역량 개발 계획", "조직 문화 구축 철학"]}', 690, '2025-10-15 17:21:00'),
    (46, 46, 'DONE', '{"positivePoints": ["느슨한 결합과 확장성 이해", "이벤트 처리 고려사항 언급"], "pointsForImprovement": ["이벤트 스토어 설계", "사가 패턴 등 구현 방식"]}', 770, '2025-10-16 13:46:00'),
    (47, 47, 'DONE', '{"positivePoints": ["정적 타입의 장점 명확히 파악", "개발 생산성 향상 효과 인지"], "pointsForImprovement": ["고급 타입 시스템 활용", "마이그레이션 전략"]}', 620, '2025-10-17 10:31:00'),
    (48, 48, 'DONE', '{"positivePoints": ["Sharding과 Replication 목적 구분", "확장성과 가용성 trade-off 이해"], "pointsForImprovement": ["데이터 일관성 보장 방법", "파티셔닝 전략"]}', 810, '2025-10-18 16:26:00'),
    (49, 49, 'DONE', '{"positivePoints": ["구체적인 업무 조율 경험", "문제 해결 중심의 접근"], "pointsForImprovement": ["팀원 동기 부여 방법", "갈등 상황 리더십"]}', 640, '2025-10-19 14:11:00'),
    (50, 50, 'DONE', '{"positivePoints": ["확장성과 성능 최적화 전문성", "서비스 성장에 대한 의지"], "pointsForImprovement": ["회사 비즈니스 모델 이해도", "팀 문화 기여 방안"]}', 750, '2025-10-20 12:56:00'),
    (51, 51, 'DONE', '{"positivePoints": ["비공개 피드백 원칙", "대안 제시"], "pointsForImprovement": ["사전 예방 활동", "피드백 주기 설정"]}', 720, '2025-10-21 09:13:00'),
    (52, 52, 'DONE', '{"positivePoints": ["가시적 성과 창출", "휴식 병행"], "pointsForImprovement": ["리스크 레지스터", "버퍼 관리"]}', 840, '2025-10-22 08:47:00'),
    (53, 53, 'DONE', '{"positivePoints": ["양보와 근거 제시", "합의 도출"], "pointsForImprovement": ["사후 회고 기록", "교훈 공유"]}', 610, '2025-10-23 21:11:00'),
    (54, 54, 'DONE', '{"positivePoints": ["온보딩 문서 활용", "작은 기여부터"], "pointsForImprovement": ["관계 구축 계획", "1:1 미팅"]}', 560, '2025-10-24 20:06:00'),
    (55, 55, 'DONE', '{"positivePoints": ["행동 항목화", "후속 공유"], "pointsForImprovement": ["우선순위 체계", "효과 측정"]}', 730, '2025-10-25 07:52:00'),
    (56, 56, 'DONE', '{"positivePoints": ["페어 세션", "재작업 감소"], "pointsForImprovement": ["지표 정의", "반복 가능성"]}', 700, '2025-10-26 10:16:00'),
    (57, 57, 'DONE', '{"positivePoints": ["고객 가치 연결", "지표 기반"], "pointsForImprovement": ["목표 재설정 주기", "번아웃 신호 관리"]}', 690, '2025-10-27 14:31:00'),
    (58, 58, 'DONE', '{"positivePoints": ["읽기 확장성", "일관성 고려"], "pointsForImprovement": ["이벤트 정합성", "운영 복잡도"]}', 820, '2025-10-28 16:46:00'),
    (59, 59, 'DONE', '{"positivePoints": ["비동기 처리", "DLQ 고려"], "pointsForImprovement": ["리트라이 정책", "모니터링"]}', 740, '2025-10-29 11:21:00'),
    (60, 60, 'DONE', '{"positivePoints": ["리뷰 역량 향상", "표준 기여"], "pointsForImprovement": ["기여 영역 확대", "가이드 문서화"]}', 600, '2025-10-30 09:31:00'),
    (61, 61, 'DONE', '{"positivePoints": ["재발 방지", "원인 분석"], "pointsForImprovement": ["KPI 연결", "공유 범위"]}', 680, '2025-10-31 13:41:00'),
    (62, 62, 'DONE', '{"positivePoints": ["작은 목표 설정", "페어 몰입"], "pointsForImprovement": ["장기 습관화", "측정 지표"]}', 590, '2025-11-01 15:56:00'),
    (63, 63, 'DONE', '{"positivePoints": ["채널/속도 조절", "문서화"], "pointsForImprovement": ["피드백 수렴 루프", "효율 측정"]}', 650, '2025-11-02 12:11:00'),
    (64, 64, 'DONE', '{"positivePoints": ["목적 정렬", "A/B 검증"], "pointsForImprovement": ["실험 설계 원칙", "통계 유의성"]}', 720, '2025-11-03 17:26:00'),
    (65, 65, 'DONE', '{"positivePoints": ["정책 반영", "학습 확산"], "pointsForImprovement": ["측정 지표", "사례 축적"]}', 560, '2025-11-04 08:46:00'),
    (66, 66, 'DONE', '{"positivePoints": ["RICE 활용", "설득력 있는 근거"], "pointsForImprovement": ["리스크 가중치", "ROI 사후 검증"]}', 710, '2025-11-05 10:21:00'),
    (67, 67, 'DONE', '{"positivePoints": ["CAP/PACELC 비교", "사례 언급"], "pointsForImprovement": ["실무 적용 가이드", "트레이드오프 표"]}', 840, '2025-11-06 11:31:00'),
    (68, 68, 'DONE', '{"positivePoints": ["CB와 백오프", "히스테리시스"], "pointsForImprovement": ["타임아웃 정책", "관측 지표"]}', 690, '2025-11-07 14:46:00'),
    (69, 69, 'DONE', '{"positivePoints": ["타임라인 공유", "일일 데모"], "pointsForImprovement": ["리스크 레지스터", "의사소통 빈도"]}', 600, '2025-11-08 09:16:00'),
    (70, 70, 'DONE', '{"positivePoints": ["심리적 안전감", "피드백 루틴"], "pointsForImprovement": ["리더십 로테이션", "코칭 방법론"]}', 720, '2025-11-09 16:01:00'),
    (71, 71, 'DONE', '{"positivePoints": ["문제 정의", "사이클 운영"], "pointsForImprovement": ["성과 지표", "확장 계획"]}', 640, '2025-11-10 12:26:00'),
    (72, 72, 'DONE', '{"positivePoints": ["작은 승리", "사기 회복"], "pointsForImprovement": ["예방 활동", "정서 지원"]}', 580, '2025-11-11 13:41:00'),
    (73, 73, 'DONE', '{"positivePoints": ["SBI 구조", "대안 제시"], "pointsForImprovement": ["역피드백 수렴", "실행 추적"]}', 710, '2025-11-12 15:21:00'),
    (74, 74, 'DONE', '{"positivePoints": ["매트릭스 기반", "정렬 과정"], "pointsForImprovement": ["가중치 검증", "사후 리뷰"]}', 650, '2025-11-13 08:31:00'),
    (75, 75, 'DONE', '{"positivePoints": ["딥워크", "문제 정의"], "pointsForImprovement": ["컨텍스트 전환 관리", "스케줄링"]}', 590, '2025-11-14 17:11:00'),
    (76, 76, 'DONE', '{"positivePoints": ["파일럿 제안", "정량 평가"], "pointsForImprovement": ["중단 기준", "롤백 플랜"]}', 780, '2025-11-15 11:51:00'),
    (77, 77, 'DONE', '{"positivePoints": ["진실원", "조회 모델"], "pointsForImprovement": ["정합성 시나리오", "버전 관리"]}', 700, '2025-11-16 14:16:00'),
    (78, 78, 'DONE', '{"positivePoints": ["보상 트랜잭션", "오케스트레이션"], "pointsForImprovement": ["코레오그래피 비교", "장애 주입 테스트"]}', 760, '2025-11-17 09:41:00'),
    (79, 79, 'DONE', '{"positivePoints": ["신뢰/명확성/주인의식", "팀 정렬"], "pointsForImprovement": ["측정 지표", "주기적 점검"]}', 620, '2025-11-18 16:26:00'),
    (80, 80, 'DONE', '{"positivePoints": ["병목 제거", "자동화"], "pointsForImprovement": ["품질 게이트", "변경 실패율"]}', 800, '2025-11-19 12:56:00'),
    (81, 81, 'DONE', '{"positivePoints": ["루틴 복구", "우선순위"], "pointsForImprovement": ["루틴 측정", "회복 지표"]}', 560, '2025-11-20 09:13:00'),
    (82, 82, 'DONE', '{"positivePoints": ["약속 준수", "투명성"], "pointsForImprovement": ["신뢰 저하 대응", "회복 플랜"]}', 640, '2025-11-21 08:46:00'),
    (83, 83, 'DONE', '{"positivePoints": ["핵심 시간 보호", "분리"], "pointsForImprovement": ["장기 유지", "팀 합의"]}', 610, '2025-11-22 21:11:00'),
    (84, 84, 'DONE', '{"positivePoints": ["회고 정례화", "추적"], "pointsForImprovement": ["지식 베이스화", "공유 채널"]}', 690, '2025-11-23 20:06:00'),
    (85, 85, 'DONE', '{"positivePoints": ["문서 중심", "비동기"], "pointsForImprovement": ["싱크/비싱크 균형", "SLA 설정"]}', 570, '2025-11-24 07:51:00'),
    (86, 86, 'DONE', '{"positivePoints": ["멘토링", "리뷰"], "pointsForImprovement": ["멘토 육성", "측정 지표"]}', 720, '2025-11-25 10:16:00'),
    (87, 87, 'DONE', '{"positivePoints": ["격리/비용", "스키마 전략"], "pointsForImprovement": ["마이그레이션", "운영 모니터"]}', 760, '2025-11-26 14:31:00'),
    (88, 88, 'DONE', '{"positivePoints": ["프로필/세션", "수명 관리"], "pointsForImprovement": ["보안 취약점", "권한 범위"]}', 680, '2025-11-27 16:46:00'),
    (89, 89, 'DONE', '{"positivePoints": ["잡 감소", "오류 감소"], "pointsForImprovement": ["템플릿 공유", "재사용성"]}', 610, '2025-11-28 11:21:00'),
    (90, 90, 'DONE', '{"positivePoints": ["위임", "사후 코칭"], "pointsForImprovement": ["권한 위임 한계", "리스크 관리"]}', 700, '2025-11-29 09:31:00'),
    (91, 91, 'DONE', '{"positivePoints": ["공통 목표", "사실 합의"], "pointsForImprovement": ["의견 다변성 수렴", "결정 기록"]}', 590, '2025-11-30 13:41:00'),
    (92, 92, 'DONE', '{"positivePoints": ["수면 부채 해소", "점진 복귀"], "pointsForImprovement": ["업무 재배치", "지원 요청"]}', 560, '2025-12-01 15:56:00'),
    (93, 93, 'DONE', '{"positivePoints": ["매핑", "역량 전이"], "pointsForImprovement": ["역할 로테이션", "보상 체계"]}', 620, '2025-12-02 12:11:00'),
    (94, 94, 'DONE', '{"positivePoints": ["사실/영향", "대안 제시"], "pointsForImprovement": ["감정 라벨링", "요청 명료화"]}', 680, '2025-12-03 17:26:00'),
    (95, 95, 'DONE', '{"positivePoints": ["위키 공유", "전파"], "pointsForImprovement": ["지식 검증", "업데이트 주기"]}', 540, '2025-12-04 08:46:00'),
    (96, 96, 'DONE', '{"positivePoints": ["문제 해결", "팀 시너지"], "pointsForImprovement": ["반복 측정", "팀 확산"]}', 610, '2025-12-05 10:21:00'),
    (97, 97, 'DONE', '{"positivePoints": ["계층/무효화", "일관성"], "pointsForImprovement": ["콜드 스타트", "슬로 우회"]}', 770, '2025-12-06 11:31:00'),
    (98, 98, 'DONE', '{"positivePoints": ["연계 설계", "원인 파악"], "pointsForImprovement": ["샘플링", "비용 최적화"]}', 690, '2025-12-07 14:46:00'),
    (99, 99, 'DONE', '{"positivePoints": ["감사/피드백", "안전감"], "pointsForImprovement": ["문화 지표", "온보딩 반영"]}', 600, '2025-12-08 09:16:00'),
    (100, 100, 'DONE', '{"positivePoints": ["목표/마일스톤", "리스크 관리"], "pointsForImprovement": ["가치 후속 측정", "교훈 저장"]}', 730, '2025-12-09 16:01:00');

-- 

/* RIVALS */
INSERT INTO rivals (rival_id, sender_id, receiver_id)
VALUES
    (1, 1, 2),
    (2, 2, 1),
    (3, 3, 1),
    (4, 4, 2),
    (5, 5, 3);